source,sourcery_rule,refurb_2_3_1_check,status,mapping_confidence
Sourcery,assign-if-exp,,missing,
Sourcery,augmented-assign,,missing,
Sourcery,avoid-builtin-shadow,,missing,
Sourcery,aware-datetime-for-utc,unreliable-utc-usage,covered,strong
Sourcery,binary-operator-identity,,missing,
Sourcery,boolean-if-expression-identity,,missing,
Sourcery,break-or-continue-outside-loop,,missing,
Sourcery,chain-compares,use-comparison-chain,covered,strong
Sourcery,class-extract-method,,missing,
Sourcery,class-method-first-parameter-should-be-cls,,missing,
Sourcery,collection-to-comprehension,,missing,
Sourcery,collection-into-set,,missing,
Sourcery,collection-to-bool,,missing,
Sourcery,compare-via-equals,,missing,
Sourcery,comprehension-to-generator,,missing,
Sourcery,convert-any-to-in,,missing,
Sourcery,convert-to-enumerate,,missing,
Sourcery,dataframe-append-to-concat,,missing,
Sourcery,de-morgan,,missing,
Sourcery,default-get,use-implicit-default,covered,strong
Sourcery,default-mutable-arguments,,missing,
Sourcery,del-comprehension,,missing,
Sourcery,dict-assign-update-to-union,use-dict-union,covered,strong
Sourcery,dictionary-comprehension,,missing,
Sourcery,dict-literal,use-literal,covered,strong
Sourcery,do-not-use-bare-except,,missing,
Sourcery,dont-import-test-modules,,missing,
Sourcery,ensure-file-closed,,missing,
Sourcery,equality-identity,no-isinstance-type-none,covered,strong
Sourcery,extract-duplicate-method,,missing,
Sourcery,extract-method,,missing,
Sourcery,flatten-nested-try,,missing,
Sourcery,flip-comparison,,missing,
Sourcery,for-append-to-extend,use-list-extend,covered,strong
Sourcery,for-index-replacement,,missing,
Sourcery,replace-for-index-with-underscore,no-ignored-enumerate-items,covered,strong
Sourcery,guard,,missing,
Sourcery,hoist-if-from-if,,missing,
Sourcery,hoist-loop-from-if,,missing,
Sourcery,hoist-repeated-if-condition,,missing,
Sourcery,hoist-similar-statements-from-if,,missing,
Sourcery,hoist-statements-from-if,,missing,
Sourcery,hoist-statement-from-loop,,missing,
Sourcery,identity-comprehensions,,missing,
Sourcery,inline-immediately-returned-variables,,missing,
Sourcery,inline-immediately-yielded-variable,,missing,
Sourcery,inline-variable,,missing,
Sourcery,instance-method-first-parameter-should-be-self,,missing,
Sourcery,introduce-default-else,,missing,
Sourcery,invert-any-all,,missing,
Sourcery,invert-any-all-in-body,,missing,
Sourcery,last-if-statement-guard,,missing,
Sourcery,lift-duplicated-conditional,,missing,
Sourcery,lift-return-into-if,,missing,
Sourcery,list-comprehension,use-list-comprehension,covered,strong
Sourcery,list-literal,use-literal,covered,strong
Sourcery,low-code-quality,,missing,
Sourcery,max-min-default,,missing,
Sourcery,merge-assignment-and-augmented-assignment,,missing,
Sourcery,merge-comparisons,,missing,
Sourcery,merge-dictionary-assignments,,missing,
Sourcery,merge-duplicate-blocks,,missing,
Sourcery,merge-else-if-into-elif,,missing,
Sourcery,merge-exception-handlers,,missing,
Sourcery,merge-isinstance,,missing,
Sourcery,merge-list-append,,missing,
Sourcery,merge-list-appends-into-extend,use-list-extend,covered,strong
Sourcery,merge-list-extend,,missing,
Sourcery,merge-nested-ifs,,missing,
Sourcery,merge-repeated-ifs,,missing,
Sourcery,merge-set-add,,missing,
Sourcery,method-chaining,,missing,
Sourcery,min-max-identity,,missing,
Sourcery,missing-dict-items,,missing,
Sourcery,move-assign,,missing,
Sourcery,move-assign-in-block,,missing,
Sourcery,no-conditionals-in-tests,,missing,
Sourcery,no-loop-in-tests,,missing,
Sourcery,non-equal-comparison,,missing,
Sourcery,none-compare,no-isinstance-type-none,covered,strong
Sourcery,or-if-exp-identity,,missing,
Sourcery,pandas-avoid-inplace,,missing,
Sourcery,pathlib-path-read,,missing,
Sourcery,raise-from-previous-error,,missing,
Sourcery,raise-specific-error,,missing,
Sourcery,reintroduce-else,,missing,
Sourcery,remove-assert-true,,missing,
Sourcery,remove-dict-items,,missing,
Sourcery,remove-dictionary-keys,,missing,
Sourcery,remove-duplicate-dict-key,,missing,
Sourcery,remove-duplicate-set-key,,missing,
Sourcery,remove-empty-nested-block,,missing,
Sourcery,remove-none-from-default-get,use-implicit-default,covered,strong
Sourcery,remove-pass-from-body,,missing,
Sourcery,remove-pass-from-elif,,missing,
Sourcery,remove-redundant-boolean,,missing,
Sourcery,remove-redundant-condition,,missing,
Sourcery,remove-redundant-constructor-in-dict-union,,missing,
Sourcery,remove-redundant-continue,no-redundant-continue,covered,strong
Sourcery,remove-redundant-except-handler,,missing,
Sourcery,remove-redundant-exception,,missing,
Sourcery,remove-redundant-f-string,,missing,
Sourcery,remove-redundant-path-exists,,missing,
Sourcery,remove-redundant-slice-index,,missing,
Sourcery,remove-str-from-fstring,use-fstring-format,covered,strong
Sourcery,remove-str-from-call-to-print,,missing,
Sourcery,remove-unit-step-from-range,,missing,
Sourcery,remove-unnecessary-cast,no-redundant-cast,covered,strong
Sourcery,remove-unnecessary-else,,missing,
Sourcery,remove-unreachable-code,,missing,
Sourcery,remove-unused-enumerate,no-ignored-enumerate-items,covered,strong
Sourcery,remove-zero-from-range,,missing,
Sourcery,replace-apply-with-method-call,,missing,
Sourcery,replace-apply-with-numpy-operation,,missing,
Sourcery,replace-dict-items-with-values,,missing,
Sourcery,replace-interpolation-with-fstring,,missing,
Sourcery,return-or-yield-outside-function,,missing,
Sourcery,set-comprehension,,missing,
Sourcery,simplify-boolean-comparison,no-bool-literal-compare,covered,strong
Sourcery,simplify-constant-sum,,missing,
Sourcery,simplify-dictionary-update,,missing,
Sourcery,simplify-division,,missing,
Sourcery,simplify-empty-collection-comparison,,missing,
Sourcery,simplify-f-string-formatting,,missing,
Sourcery,simplify-generator,,missing,
Sourcery,simplify-length-comparison,no-len-compare,covered,strong
Sourcery,simplify-negative-index,,missing,
Sourcery,simplify-numeric-comparison,,missing,
Sourcery,simplify-single-exception-tuple,,missing,
Sourcery,simplify-string-length-comparison,,missing,
Sourcery,simplify-substring-search,,missing,
Sourcery,skip-sorted-list-construction,,missing,
Sourcery,split-or-ifs,,missing,
Sourcery,square-identity,,missing,
Sourcery,str-prefix-suffix,,missing,
Sourcery,sum-comprehension,,missing,
Sourcery,swap-if-else-branches,,missing,
Sourcery,swap-if-expression,,missing,
Sourcery,swap-nested-ifs,,missing,
Sourcery,swap-variable,,missing,
Sourcery,switch,,missing,
Sourcery,ternary-to-if-expression,,missing,
Sourcery,tuple-literal,,missing,
Sourcery,unwrap-iterable-construction,,missing,
Sourcery,use-any,,missing,
Sourcery,use-assigned-variable,,missing,
Sourcery,use-contextlib.suppress,use-with-suppress,covered,strong
Sourcery,use-count,,missing,
Sourcery,use-datetime-now-not-today,,missing,
Sourcery,use-dictionary-items,no-ignored-dict-items,covered,strong
Sourcery,use-dictionary-union,use-dict-union,covered,strong
Sourcery,use-file-iterator,simplify-readlines,covered,strong
Sourcery,use-fstring-for-concatenation,,missing,
Sourcery,use-fstring-for-formatting,use-fstring-format,covered,strong
Sourcery,use-getitem-for-re-match-groups,,missing,
Sourcery,use-isna,,missing,
Sourcery,use-itertools.product,,missing,
Sourcery,use-str.join(),,missing,
Sourcery,use-len(),no-len-compare,covered,strong
Sourcery,use-named-expression,,missing,
Sourcery,use-next,,missing,
Sourcery,use-or-for-fallback,use-or-oper,covered,strong
Sourcery,use-string-remove-affix,remove-prefix-or-suffix,covered,strong
Sourcery,use_iloc,,missing,
Sourcery,useless-else-on-loop,,missing,
Sourcery,while-guard-to-condition,,missing,
Sourcery,replace-while-with-for,,missing,
Sourcery,yield-from,,missing,
Refurb-only,,use-pathlib-with-suffix,only refurb,
Refurb-only,,use-pathlib-read-text-read-bytes,only refurb,
Refurb-only,,use-startswith-endswith-tuple,only refurb,
Refurb-only,,use-pathlib-write-text-write-bytes,only refurb,
Refurb-only,,use-pathlib-cwd,only refurb,
Refurb-only,,simplify-print,only refurb,
Refurb-only,,use-expandtabs,only refurb,
Refurb-only,,use-in-oper,only refurb,
Refurb-only,,use-consistent-in-bracket,only refurb,
Refurb-only,,use-func-name,only refurb,
Refurb-only,,no-double-not,only refurb,
Refurb-only,,use-fstring-number-format,only refurb,
Refurb-only,,use-pathlib-open,only refurb,
Refurb-only,,use-operator,only refurb,
Refurb-only,,use-isinstance-issubclass-tuple,only refurb,
Refurb-only,,use-writelines,only refurb,
Refurb-only,,no-redundant-return,only refurb,
Refurb-only,,simplify-return,only refurb,
Refurb-only,,no-with-assign,only refurb,
Refurb-only,,use-tuple-unpack-swap,only refurb,
Refurb-only,,no-in-dict-keys,only refurb,
Refurb-only,,use-clear,only refurb,
Refurb-only,,use-set-discard,only refurb,
Refurb-only,,use-cache,only refurb,
Refurb-only,,use-min-max,only refurb,
Refurb-only,,simplify-comprehension,only refurb,
Refurb-only,,no-multiline-strip,only refurb,
Refurb-only,,use-starmap,only refurb,
Refurb-only,,use-pathlib-exists,only refurb,
Refurb-only,,no-set-for-loop,only refurb,
Refurb-only,,no-default-or,only refurb,
Refurb-only,,use-pathlib-unlink,only refurb,
Refurb-only,,no-slice-copy,only refurb,
Refurb-only,,use-pathlib-is-funcs,only refurb,
Refurb-only,,no-path-join,only refurb,
Refurb-only,,use-pathlib-mkdir,only refurb,
Refurb-only,,use-pathlib-touch,only refurb,
Refurb-only,,use-math-constant,only refurb,
Refurb-only,,simplify-path-constructor,only refurb,
Refurb-only,,simplify-global-and-nonlocal,only refurb,
Refurb-only,,use-pathlib-stat,only refurb,
Refurb-only,,use-string-charsets,only refurb,
Refurb-only,,simplify-decimal-ctor,only refurb,
Refurb-only,,simplify-as-pattern-with-builtin,only refurb,
Refurb-only,,simplify-strip,only refurb,
Refurb-only,,no-redundant-assignment,only refurb,
Refurb-only,,use-bit-count,only refurb,
Refurb-only,,simplify-fromisoformat,only refurb,
Refurb-only,,simplify-math-log,only refurb,
Refurb-only,,no-from-float,only refurb,
Refurb-only,,no-temp-class-object,only refurb,
Refurb-only,,use-int-base-zero,only refurb,
Refurb-only,,use-long-regex-flag,only refurb,
Refurb-only,,no-is-type-none,only refurb,
Refurb-only,,use-regex-pattern-methods,only refurb,
Refurb-only,,no-single-item-in,only refurb,
Refurb-only,,use-suffix,only refurb,
Refurb-only,,simplify-token-function,only refurb,
Refurb-only,,simplify-fastapi-query,only refurb,
Refurb-only,,no-implicit-cwd,only refurb,
Refurb-only,,use-shlex-join,only refurb,
Refurb-only,,use-chain-from-iterable,only refurb,
Refurb-only,,use-abc-shorthand,only refurb,
Refurb-only,,use-hexdigest-hashlib,only refurb,
Refurb-only,,simplify-hashlib-ctor,only refurb,
Refurb-only,,use-str-func,only refurb,
Refurb-only,,use-fluid-interface,only refurb,
Refurb-only,,no-copy-with-merge,only refurb,
Refurb-only,,use-sort,only refurb,
Refurb-only,,use-reverse,only refurb,
Refurb-only,,no-subclass-builtin,only refurb,
Refurb-only,,use-str-method,only refurb,
Refurb-only,,use-isinstance-bool,only refurb,
Refurb-only,,no-sorted-min-max,only refurb,
